{"tileSize":48,"mapWidth":20,"mapHeight":16,"layers":[{"name":"Layer_3","tiles":[{"id":"0","x":12,"y":3},{"id":"0","x":11,"y":3},{"id":"1","x":11,"y":2},{"id":"1","x":12,"y":2}],"collider":false},{"name":"Layer_2 (Copy)","tiles":[{"id":"2","x":13,"y":4},{"id":"3","x":13,"y":5},{"id":"1","x":7,"y":3},{"id":"0","x":7,"y":4},{"id":"1","x":6,"y":3},{"id":"0","x":6,"y":4},{"id":"1","x":18,"y":12},{"id":"0","x":18,"y":13},{"id":"1","x":7,"y":7},{"id":"4","x":9,"y":1},{"id":"5","x":10,"y":1},{"id":"6","x":9,"y":2},{"id":"7","x":10,"y":2},{"id":"4","x":11,"y":1},{"id":"5","x":12,"y":1},{"id":"8","x":7,"y":5},{"id":"8","x":13,"y":1},{"id":"9","x":14,"y":10},{"id":"9","x":12,"y":10},{"id":"10","x":11,"y":10},{"id":"10","x":15,"y":10},{"id":"11","x":13,"y":10},{"id":"11","x":18,"y":10},{"id":"12","x":16,"y":10},{"id":"9","x":17,"y":10},{"id":"12","x":19,"y":10},{"id":"0","x":7,"y":8},{"id":"7","x":12,"y":2},{"id":"6","x":11,"y":2}],"collider":false},{"name":"Layer_1 (Copy)","tiles":[{"id":"13","x":2,"y":1},{"id":"14","x":3,"y":1},{"id":"15","x":2,"y":2},{"id":"16","x":3,"y":2},{"id":"17","x":2,"y":4},{"id":"18","x":3,"y":4},{"id":"19","x":18,"y":6},{"id":"20","x":19,"y":6},{"id":"21","x":18,"y":7},{"id":"22","x":19,"y":7},{"id":"23","x":18,"y":8},{"id":"19","x":16,"y":6},{"id":"20","x":17,"y":6},{"id":"21","x":16,"y":7},{"id":"22","x":17,"y":7},{"id":"23","x":16,"y":8},{"id":"24","x":17,"y":8},{"id":"19","x":14,"y":6},{"id":"20","x":15,"y":6},{"id":"21","x":14,"y":7},{"id":"22","x":15,"y":7},{"id":"23","x":14,"y":8},{"id":"24","x":15,"y":8},{"id":"14","x":5,"y":1},{"id":"16","x":5,"y":2},{"id":"18","x":5,"y":4},{"id":"14","x":4,"y":1},{"id":"16","x":4,"y":2},{"id":"18","x":4,"y":4},{"id":"25","x":3,"y":3},{"id":"25","x":4,"y":3},{"id":"25","x":5,"y":3},{"id":"26","x":17,"y":10},{"id":"27","x":18,"y":10},{"id":"28","x":19,"y":10},{"id":"29","x":17,"y":11},{"id":"30","x":18,"y":11},{"id":"31","x":19,"y":11},{"id":"28","x":16,"y":10},{"id":"29","x":14,"y":11},{"id":"30","x":15,"y":11},{"id":"31","x":16,"y":11},{"id":"27","x":15,"y":10},{"id":"26","x":14,"y":10},{"id":"24","x":19,"y":8},{"id":"32","x":19,"y":2},{"id":"33","x":19,"y":3},{"id":"34","x":19,"y":4},{"id":"35","x":19,"y":5},{"id":"32","x":18,"y":2},{"id":"33","x":18,"y":3},{"id":"34","x":18,"y":4},{"id":"35","x":18,"y":5},{"id":"32","x":17,"y":2},{"id":"33","x":17,"y":3},{"id":"34","x":17,"y":4},{"id":"35","x":17,"y":5},{"id":"32","x":16,"y":2},{"id":"33","x":16,"y":3},{"id":"34","x":16,"y":4},{"id":"35","x":16,"y":5},{"id":"32","x":15,"y":2},{"id":"33","x":15,"y":3},{"id":"34","x":15,"y":4},{"id":"35","x":15,"y":5},{"id":"32","x":14,"y":2},{"id":"33","x":14,"y":3},{"id":"34","x":14,"y":4},{"id":"35","x":14,"y":5},{"id":"32","x":2,"y":5},{"id":"33","x":2,"y":6},{"id":"34","x":2,"y":7},{"id":"35","x":2,"y":8},{"id":"32","x":3,"y":5},{"id":"33","x":3,"y":6},{"id":"34","x":3,"y":7},{"id":"35","x":3,"y":8},{"id":"32","x":4,"y":5},{"id":"33","x":4,"y":6},{"id":"34","x":4,"y":7},{"id":"35","x":4,"y":8},{"id":"32","x":5,"y":5},{"id":"33","x":5,"y":6},{"id":"34","x":5,"y":7},{"id":"35","x":5,"y":8},{"id":"32","x":6,"y":5},{"id":"33","x":6,"y":6},{"id":"34","x":6,"y":7},{"id":"35","x":6,"y":8},{"id":"14","x":6,"y":1},{"id":"16","x":6,"y":2},{"id":"25","x":6,"y":3},{"id":"18","x":6,"y":4},{"id":"14","x":7,"y":1},{"id":"16","x":7,"y":2},{"id":"25","x":7,"y":3},{"id":"18","x":7,"y":4},{"id":"26","x":11,"y":10},{"id":"27","x":12,"y":10},{"id":"28","x":13,"y":10},{"id":"29","x":11,"y":11},{"id":"30","x":12,"y":11},{"id":"31","x":13,"y":11},{"id":"36","x":13,"y":1},{"id":"37","x":13,"y":2},{"id":"38","x":13,"y":3},{"id":"36","x":7,"y":5},{"id":"37","x":7,"y":6},{"id":"38","x":7,"y":7},{"id":"39","x":8,"y":2},{"id":"40","x":9,"y":2},{"id":"41","x":10,"y":2},{"id":"42","x":11,"y":2},{"id":"43","x":12,"y":2},{"id":"44","x":8,"y":3},{"id":"45","x":9,"y":3},{"id":"45","x":10,"y":3},{"id":"44","x":11,"y":3},{"id":"45","x":12,"y":3}],"collider":false},{"name":"Layer_0","tiles":[{"id":"46","x":1,"y":5},{"id":"47","x":2,"y":5},{"id":"48","x":3,"y":5},{"id":"46","x":1,"y":6},{"id":"49","x":2,"y":6},{"id":"50","x":3,"y":6},{"id":"51","x":4,"y":6},{"id":"48","x":6,"y":5},{"id":"52","x":7,"y":5},{"id":"50","x":6,"y":6},{"id":"51","x":7,"y":6},{"id":"47","x":8,"y":5},{"id":"48","x":9,"y":5},{"id":"52","x":10,"y":5},{"id":"49","x":8,"y":6},{"id":"50","x":9,"y":6},{"id":"51","x":10,"y":6},{"id":"47","x":11,"y":5},{"id":"48","x":12,"y":5},{"id":"52","x":13,"y":5},{"id":"49","x":11,"y":6},{"id":"50","x":12,"y":6},{"id":"51","x":13,"y":6},{"id":"47","x":14,"y":5},{"id":"48","x":15,"y":5},{"id":"52","x":16,"y":5},{"id":"49","x":14,"y":6},{"id":"50","x":15,"y":6},{"id":"51","x":16,"y":6},{"id":"47","x":17,"y":5},{"id":"48","x":18,"y":5},{"id":"52","x":19,"y":5},{"id":"49","x":17,"y":6},{"id":"50","x":18,"y":6},{"id":"51","x":19,"y":6},{"id":"47","x":2,"y":7},{"id":"48","x":3,"y":7},{"id":"52","x":4,"y":7},{"id":"49","x":2,"y":8},{"id":"50","x":3,"y":8},{"id":"51","x":4,"y":8},{"id":"47","x":5,"y":7},{"id":"48","x":6,"y":7},{"id":"52","x":7,"y":7},{"id":"49","x":5,"y":8},{"id":"50","x":6,"y":8},{"id":"51","x":7,"y":8},{"id":"47","x":8,"y":7},{"id":"48","x":9,"y":7},{"id":"52","x":10,"y":7},{"id":"49","x":8,"y":8},{"id":"50","x":9,"y":8},{"id":"51","x":10,"y":8},{"id":"47","x":11,"y":7},{"id":"48","x":12,"y":7},{"id":"52","x":13,"y":7},{"id":"49","x":11,"y":8},{"id":"50","x":12,"y":8},{"id":"51","x":13,"y":8},{"id":"47","x":14,"y":7},{"id":"48","x":15,"y":7},{"id":"52","x":16,"y":7},{"id":"49","x":14,"y":8},{"id":"50","x":15,"y":8},{"id":"51","x":16,"y":8},{"id":"47","x":17,"y":7},{"id":"48","x":18,"y":7},{"id":"52","x":19,"y":7},{"id":"49","x":17,"y":8},{"id":"50","x":18,"y":8},{"id":"51","x":19,"y":8},{"id":"47","x":17,"y":9},{"id":"48","x":18,"y":9},{"id":"52","x":19,"y":9},{"id":"49","x":17,"y":10},{"id":"50","x":18,"y":10},{"id":"51","x":19,"y":10},{"id":"47","x":14,"y":9},{"id":"48","x":15,"y":9},{"id":"52","x":16,"y":9},{"id":"49","x":14,"y":10},{"id":"50","x":15,"y":10},{"id":"51","x":16,"y":10},{"id":"47","x":11,"y":9},{"id":"48","x":12,"y":9},{"id":"52","x":13,"y":9},{"id":"49","x":11,"y":10},{"id":"50","x":12,"y":10},{"id":"51","x":13,"y":10},{"id":"47","x":8,"y":9},{"id":"48","x":9,"y":9},{"id":"52","x":10,"y":9},{"id":"49","x":8,"y":10},{"id":"50","x":9,"y":10},{"id":"51","x":10,"y":10},{"id":"47","x":5,"y":9},{"id":"48","x":6,"y":9},{"id":"52","x":7,"y":9},{"id":"49","x":5,"y":10},{"id":"50","x":6,"y":10},{"id":"51","x":7,"y":10},{"id":"47","x":2,"y":9},{"id":"48","x":3,"y":9},{"id":"52","x":4,"y":9},{"id":"49","x":2,"y":10},{"id":"50","x":3,"y":10},{"id":"51","x":4,"y":10},{"id":"47","x":2,"y":11},{"id":"48","x":3,"y":11},{"id":"52","x":4,"y":11},{"id":"49","x":2,"y":12},{"id":"50","x":3,"y":12},{"id":"51","x":4,"y":12},{"id":"47","x":5,"y":11},{"id":"48","x":6,"y":11},{"id":"52","x":7,"y":11},{"id":"49","x":5,"y":12},{"id":"50","x":6,"y":12},{"id":"51","x":7,"y":12},{"id":"47","x":8,"y":11},{"id":"48","x":9,"y":11},{"id":"52","x":10,"y":11},{"id":"49","x":8,"y":12},{"id":"50","x":9,"y":12},{"id":"51","x":10,"y":12},{"id":"47","x":11,"y":11},{"id":"48","x":12,"y":11},{"id":"52","x":13,"y":11},{"id":"49","x":11,"y":12},{"id":"50","x":12,"y":12},{"id":"51","x":13,"y":12},{"id":"47","x":14,"y":11},{"id":"48","x":15,"y":11},{"id":"52","x":16,"y":11},{"id":"49","x":14,"y":12},{"id":"50","x":15,"y":12},{"id":"51","x":16,"y":12},{"id":"47","x":17,"y":11},{"id":"48","x":18,"y":11},{"id":"52","x":19,"y":11},{"id":"49","x":17,"y":12},{"id":"50","x":18,"y":12},{"id":"51","x":19,"y":12},{"id":"47","x":17,"y":13},{"id":"48","x":18,"y":13},{"id":"52","x":19,"y":13},{"id":"49","x":17,"y":14},{"id":"50","x":18,"y":14},{"id":"51","x":19,"y":14},{"id":"47","x":14,"y":13},{"id":"48","x":15,"y":13},{"id":"52","x":16,"y":13},{"id":"49","x":14,"y":14},{"id":"50","x":15,"y":14},{"id":"51","x":16,"y":14},{"id":"47","x":11,"y":13},{"id":"48","x":12,"y":13},{"id":"52","x":13,"y":13},{"id":"49","x":11,"y":14},{"id":"50","x":12,"y":14},{"id":"51","x":13,"y":14},{"id":"47","x":8,"y":13},{"id":"48","x":9,"y":13},{"id":"52","x":10,"y":13},{"id":"49","x":8,"y":14},{"id":"50","x":9,"y":14},{"id":"51","x":10,"y":14},{"id":"47","x":5,"y":13},{"id":"48","x":6,"y":13},{"id":"52","x":7,"y":13},{"id":"49","x":5,"y":14},{"id":"50","x":6,"y":14},{"id":"51","x":7,"y":14},{"id":"47","x":2,"y":13},{"id":"48","x":3,"y":13},{"id":"52","x":4,"y":13},{"id":"49","x":2,"y":14},{"id":"50","x":3,"y":14},{"id":"51","x":4,"y":14},{"id":"47","x":2,"y":3},{"id":"48","x":3,"y":3},{"id":"52","x":4,"y":3},{"id":"49","x":2,"y":4},{"id":"47","x":17,"y":3},{"id":"48","x":18,"y":3},{"id":"52","x":19,"y":3},{"id":"49","x":17,"y":4},{"id":"50","x":18,"y":4},{"id":"51","x":19,"y":4},{"id":"47","x":14,"y":3},{"id":"48","x":15,"y":3},{"id":"52","x":16,"y":3},{"id":"49","x":14,"y":4},{"id":"50","x":15,"y":4},{"id":"51","x":16,"y":4},{"id":"47","x":11,"y":3},{"id":"48","x":12,"y":3},{"id":"52","x":13,"y":3},{"id":"49","x":11,"y":4},{"id":"50","x":12,"y":4},{"id":"51","x":13,"y":4},{"id":"47","x":8,"y":3},{"id":"48","x":9,"y":3},{"id":"52","x":10,"y":3},{"id":"49","x":8,"y":4},{"id":"50","x":9,"y":4},{"id":"51","x":10,"y":4},{"id":"47","x":5,"y":3},{"id":"48","x":6,"y":3},{"id":"52","x":7,"y":3},{"id":"51","x":7,"y":4},{"id":"46","x":0,"y":15},{"id":"46","x":2,"y":15},{"id":"46","x":1,"y":15},{"id":"53","x":2,"y":2},{"id":"54","x":3,"y":2},{"id":"55","x":4,"y":2},{"id":"53","x":8,"y":2},{"id":"54","x":9,"y":2},{"id":"55","x":10,"y":2},{"id":"53","x":11,"y":2},{"id":"54","x":12,"y":2},{"id":"55","x":13,"y":2},{"id":"53","x":14,"y":2},{"id":"54","x":15,"y":2},{"id":"55","x":16,"y":2},{"id":"53","x":17,"y":2},{"id":"54","x":18,"y":2},{"id":"55","x":19,"y":2},{"id":"56","x":2,"y":0},{"id":"57","x":3,"y":0},{"id":"58","x":4,"y":0},{"id":"59","x":2,"y":1},{"id":"60","x":3,"y":1},{"id":"61","x":4,"y":1},{"id":"55","x":7,"y":2},{"id":"54","x":6,"y":2},{"id":"53","x":5,"y":2},{"id":"56","x":8,"y":0},{"id":"57","x":9,"y":0},{"id":"58","x":10,"y":0},{"id":"59","x":8,"y":1},{"id":"60","x":9,"y":1},{"id":"61","x":10,"y":1},{"id":"56","x":11,"y":0},{"id":"57","x":12,"y":0},{"id":"58","x":13,"y":0},{"id":"59","x":11,"y":1},{"id":"60","x":12,"y":1},{"id":"61","x":13,"y":1},{"id":"56","x":14,"y":0},{"id":"57","x":15,"y":0},{"id":"58","x":16,"y":0},{"id":"59","x":14,"y":1},{"id":"60","x":15,"y":1},{"id":"61","x":16,"y":1},{"id":"56","x":17,"y":0},{"id":"57","x":18,"y":0},{"id":"58","x":19,"y":0},{"id":"59","x":17,"y":1},{"id":"60","x":18,"y":1},{"id":"61","x":19,"y":1},{"id":"56","x":5,"y":0},{"id":"57","x":6,"y":0},{"id":"58","x":7,"y":0},{"id":"59","x":5,"y":1},{"id":"60","x":6,"y":1},{"id":"61","x":7,"y":1},{"id":"62","x":3,"y":4},{"id":"62","x":4,"y":4},{"id":"62","x":5,"y":4},{"id":"62","x":5,"y":5},{"id":"62","x":4,"y":5},{"id":"62","x":5,"y":6},{"id":"62","x":6,"y":4}],"collider":false}]}